(1, 'MARTA',634315599, 'martabl@gmail.com','1990/05/01'),
(2, 'MARGARITA',687177286, 'margaritamo@gmail.com','1990/05/02'),
(3, 'MARÍA',641787645, 'maríamo@gmail.com','1990/05/03'),
(4, 'LAURA',640132314, 'lauraji@gmail.com','1990/05/04'),
(5, 'SARA MARÍA',649118051, 'saramaríaar@gmail.com','1990/05/05'),
(6, 'MARÍA DE LA SIERRA',621513631, 'maríadelasierraro@gmail.com','1990/05/06'),
(7, 'MIGUEL ÁNGEL',647143792, 'miguelángelca@gmail.com','1990/05/07'),
(8, 'PABLO',619699166, 'pablofe@gmail.com','1990/05/08'),
(9, 'ANA',651029704, 'anaes@gmail.com','1990/05/09'),
(10, 'JOAQUÍN',654379763, 'joaquínde@gmail.com','1990/05/10'),
(11, 'PAULO',683888151, 'pauloca@gmail.com','1990/05/11'),
(12, 'ELENA',620469594, 'elenabl@gmail.com','1990/05/12'),
(13, 'DIEGO',631773291, 'diegomo@gmail.com','1990/05/13'),
(14, 'RODRIGO ENRIQUE',628667709, 'rodrigoenriquemi@gmail.com','1990/05/14'),
(15, 'ROCIO',625948808, 'rociofe@gmail.com','1990/05/15'),
(16, 'FÁTIMA',659779143, 'fátimaji@gmail.com','1990/05/16'),
(17, 'MARTA',623908275, 'martaji@gmail.com','1990/05/17'),
(18, 'CAROLINE',615609938, 'carolinebe@gmail.com','1990/05/18'),
(19, 'SILVIA',665219155, 'silviame@gmail.com','1990/05/19'),
(20, 'ANDREA',636602874, 'andreafa@gmail.com','1990/05/20')
